Campaign,Ad Group,Keyword,Budget,Political ads policy,Location,Headline 1,Headline 2,Headline 3,Headline 4,Headline 5,Description 1,Description 2,Description 3,Description 4,Path 1,Path 2,Final URL,Sitelink text,Sitelink final URL,Callout text,Phone number,Country code,Structured snippet header,Structured snippet value 1,Structured snippet value 2,Structured snippet value 3,Promotion item,Promotion discount
"Search - Residential Duct Cleaning",,,"12","Not applicable",,,,,,,,,,,,,,,,,,,,,,,,
"Search - Residential Duct Cleaning",,,,,"Los Angeles",,,,,,,,,,,,,,,,,,,,,,,
"Search - Residential Duct Cleaning",,,,,"Beverly Hills",,,,,,,,,,,,,,,,,,,,,,,
"Search - Residential Duct Cleaning",,,,,"Glendale",,,,,,,,,,,,,,,,,,,,,,,
"Search - Residential Duct Cleaning",,,,,"Malibu",,,,,,,,,,,,,,,,,,,,,,,
"Search - Residential Duct Cleaning",,,,,"Century City",,,,,,,,,,,,,,,,,,,,,,,
"Search - Residential Duct Cleaning",,,,,"Hollywood",,,,,,,,,,,,,,,,,,,,,,,
"Search - Residential Duct Cleaning",,,,,"Downtown LA",,,,,,,,,,,,,,,,,,,,,,,
"Search - Residential Duct Cleaning",,,,,"Ventura",,,,,,,,,,,,,,,,,,,,,,,
"Search - Residential Duct Cleaning",,,,,"Pasadena",,,,,,,,,,,,,,,,,,,,,,,
"Search - Residential Duct Cleaning",,,,,"Burbank",,,,,,,,,,,,,,,,,,,,,,,
"Search - Residential Duct Cleaning",,,,,"Studio City",,,,,,,,,,,,,,,,,,,,,,,
"Search - Residential Duct Cleaning",,,,,"Encino",,,,,,,,,,,,,,,,,,,,,,,
"Search - Residential Duct Cleaning",,,,,"Tarzana",,,,,,,,,,,,,,,,,,,,,,,
"Search - Residential Duct Cleaning",,,,,"Reseda",,,,,,,,,,,,,,,,,,,,,,,
"Search - Residential Duct Cleaning",,,,,"Canoga Park",,,,,,,,,,,,,,,,,,,,,,,
"Search - Residential Duct Cleaning",,,,,"Woodland Hills",,,,,,,,,,,,,,,,,,,,,,,
"Search - Residential Duct Cleaning",,,,,"Calabasas",,,,,,,,,,,,,,,,,,,,,,,
"Search - Residential Duct Cleaning",,,,,"Valley Village",,,,,,,,,,,,,,,,,,,,,,,
"Search - Residential Duct Cleaning",,,,,"Van Nuys",,,,,,,,,,,,,,,,,,,,,,,
"Search - Residential Duct Cleaning",,,,,"Panorama City",,,,,,,,,,,,,,,,,,,,,,,
"Search - Residential Duct Cleaning",,,,,"Northridge",,,,,,,,,,,,,,,,,,,,,,,
"Search - Residential Duct Cleaning",,,,,"Sun Valley",,,,,,,,,,,,,,,,,,,,,,,
"Search - Residential Duct Cleaning",,,,,"Central LA",,,,,,,,,,,,,,,,,,,,,,,
"Search - Residential Duct Cleaning",,,,,"Pacific Palisades",,,,,,,,,,,,,,,,,,,,,,,
"Search - Residential Duct Cleaning",,,,,"Brentwood",,,,,,,,,,,,,,,,,,,,,,,
"Search - Residential Duct Cleaning",,,,,"Los Feliz",,,,,,,,,,,,,,,,,,,,,,,
"Search - Residential Duct Cleaning",,,,,"Culver City",,,,,,,,,,,,,,,,,,,,,,,
"Search - Residential Duct Cleaning",,,,,"West Hollywood",,,,,,,,,,,,,,,,,,,,,,,
"Search - Residential Duct Cleaning",,,,,"Chatsworth",,,,,,,,,,,,,,,,,,,,,,,
"Search - Residential Duct Cleaning",,,,,"Laurel Canyon",,,,,,,,,,,,,,,,,,,,,,,
"Search - Residential Duct Cleaning",,,,,"Fairfax",,,,,,,,,,,,,,,,,,,,,,,
"Search - Residential Duct Cleaning",,,,,"Larchmont",,,,,,,,,,,,,,,,,,,,,,,
"Search - Residential Duct Cleaning",,,,,"Koreatown",,,,,,,,,,,,,,,,,,,,,,,
"Search - Residential Duct Cleaning",,,,,"West LA",,,,,,,,,,,,,,,,,,,,,,,
"Search - Residential Duct Cleaning",,,,,"Westwood",,,,,,,,,,,,,,,,,,,,,,,
"Search - Residential Duct Cleaning",,,,,"North of Montana",,,,,,,,,,,,,,,,,,,,,,,
"Search - Residential Duct Cleaning",,,,,"Sawtelle",,,,,,,,,,,,,,,,,,,,,,,
"Search - Residential Duct Cleaning",,,,,"Beverly Glen",,,,,,,,,,,,,,,,,,,,,,,
"Search - Residential Duct Cleaning",,,,,"Mid-Wilshire",,,,,,,,,,,,,,,,,,,,,,,
"Search - Residential Duct Cleaning",,,,,"Sherman Oaks",,,,,,,,,,,,,,,,,,,,,,,
"Search - Residential Duct Cleaning",,,,,"Encino Village",,,,,,,,,,,,,,,,,,,,,,,
"Search - Residential Duct Cleaning",,,,,"Lake Balboa",,,,,,,,,,,,,,,,,,,,,,,
"Search - Residential Duct Cleaning",,,,,"Valley Glen",,,,,,,,,,,,,,,,,,,,,,,
"Search - Residential Duct Cleaning",,,,,"Magnolia Park",,,,,,,,,,,,,,,,,,,,,,,
"Search - Residential Duct Cleaning",,,,,"Toluca Lake",,,,,,,,,,,,,,,,,,,,,,,
"Search - Residential Duct Cleaning",,,,,"Sherwood Forest",,,,,,,,,,,,,,,,,,,,,,,
"Search - Residential Duct Cleaning",,,,,"Winnetka",,,,,,,,,,,,,,,,,,,,,,,
"Search - Residential Duct Cleaning",,,,,"Granada Hills",,,,,,,,,,,,,,,,,,,,,,,
"Search - Residential Duct Cleaning",,,,,"Mission Hills",,,,,,,,,,,,,,,,,,,,,,,
"Search - Residential Duct Cleaning",,,,,"Porter Ranch",,,,,,,,,,,,,,,,,,,,,,,
"Search - Residential Duct Cleaning",,,,,"North Hollywood",,,,,,,,,,,,,,,,,,,,,,,
"Search - Residential Duct Cleaning",,,,,"Sepulveda Basin",,,,,,,,,,,,,,,,,,,,,,,
"Search - Residential Duct Cleaning",,,,,"Hidden Hills",,,,,,,,,,,,,,,,,,,,,,,
"Search - Residential Duct Cleaning",,,,,"Deer Lake Highlands",,,,,,,,,,,,,,,,,,,,,,,
"Search - Residential Duct Cleaning","Air Duct Cleaning Los Angeles",,,,,"Top Air Duct Cleaning LA","Pure Air California","Breathe Cleaner Air Today","NADCA Certified Experts","Improve Indoor Air Quality","Professional air duct cleaning in Los Angeles. Free estimates!","Remove dust and allergens from your home HVAC system.","Licensed and insured technicians ready to help you.","Schedule your air duct cleaning service today.","Air-Duct","Cleaning","https://www.pureaircalifornia.com/services/residential-air-duct-cleaning",,,,,,,,,,,
"Search - Residential Duct Cleaning","Air Duct Cleaning Los Angeles","[air duct cleaning los angeles]",,,,,,,,,,,,,,,,,,,,,,,,,,
"Search - Residential Duct Cleaning","Air Duct Cleaning Los Angeles",""""air duct cleaning los angeles"""",,,,,,,,,,,,,,,,,,,,,,,,,,
"Search - Residential Duct Cleaning","Air Duct Cleaning Los Angeles","[residential air duct cleaning]",,,,,,,,,,,,,,,,,,,,,,,,,,
"Search - Residential Duct Cleaning","Air Duct Cleaning Los Angeles",""""residential air duct cleaning"""",,,,,,,,,,,,,,,,,,,,,,,,,,
"Search - Residential Duct Cleaning","Air Duct Cleaning Los Angeles","[air duct cleaning near me]",,,,,,,,,,,,,,,,,,,,,,,,,,
"Search - Residential Duct Cleaning","Air Duct Cleaning Los Angeles",""""air duct cleaning near me"""",,,,,,,,,,,,,,,,,,,,,,,,,,
"Search - Residential Duct Cleaning",,"-cheap",,,,,,,,,,,,,,,,,,,,,,,,,,
"Search - Residential Duct Cleaning",,"-diy",,,,,,,,,,,,,,,,,,,,,,,,,,
"Search - Residential Duct Cleaning",,"-jobs",,,,,,,,,,,,,,,,,,,,,,,,,,
"Search - Residential Duct Cleaning",,"-hiring",,,,,,,,,,,,,,,,,,,,,,,,,,
"Search - Residential Duct Cleaning",,"-how to",,,,,,,,,,,,,,,,,,,,,,,,,,
"Search - Residential Duct Cleaning",,"-equipment",,,,,,,,,,,,,,,,,,,,,,,,,,
"Search - Residential Duct Cleaning",,"-machine",,,,,,,,,,,,,,,,,,,,,,,,,,
"Search - Residential Duct Cleaning",,,,,,,,,,,,,,,,,,"Air Duct Cleaning","https://www.pureaircalifornia.com/services/residential-air-duct-cleaning",,,,,,,,,
"Search - Residential Duct Cleaning",,,,,,,,,,,,,,,,,,"Commercial Air Ducts","https://www.pureaircalifornia.com/services/commercial-air-duct-cleaning",,,,,,,,,
"Search - Residential Duct Cleaning",,,,,,,,,,,,,,,,,,"Dryer Vent Cleaning","https://www.pureaircalifornia.com/services/residential-dryer-vent-cleaning",,,,,,,,,
"Search - Residential Duct Cleaning",,,,,,,,,,,,,,,,,,"Commercial Dryer Vent","https://www.pureaircalifornia.com/services/commercial-dryer-vent-cleaning",,,,,,,,,
"Search - Residential Duct Cleaning",,,,,,,,,,,,,,,,,,"HVAC System Cleaning","https://www.pureaircalifornia.com/services/hvac-system-cleaning",,,,,,,,,
"Search - Residential Duct Cleaning",,,,,,,,,,,,,,,,,,"Electrostatic Filters","https://www.pureaircalifornia.com/services/residential-electrostatic-filter",,,,,,,,,
"Search - Residential Duct Cleaning",,,,,,,,,,,,,,,,,,"Service Areas","https://www.pureaircalifornia.com/locations",,,,,,,,,
"Search - Residential Duct Cleaning",,,,,,,,,,,,,,,,,,,,"Free Estimates",,,,,,,,
"Search - Residential Duct Cleaning",,,,,,,,,,,,,,,,,,,,"NADCA Certified",,,,,,,,
"Search - Residential Duct Cleaning",,,,,,,,,,,,,,,,,,,,"Fully Insured",,,,,,,,
"Search - Residential Duct Cleaning",,,,,,,,,,,,,,,,,,,,"5-Star Reviews",,,,,,,,
"Search - Residential Duct Cleaning",,,,,,,,,,,,,,,,,,,,,"(213) 792-4145","US",,,,,,
"Search - Residential Duct Cleaning",,,,,,,,,,,,,,,,,,,,,,,"Service catalog","Air Duct Cleaning","Dryer Vent Cleaning","HVAC System Cleaning",,
"Search - Residential Duct Cleaning",,,,,,,,,,,,,,,,,,,,,,,"Amenities","Free Quotes","Fast Service","Award Winning",,
"Search - Residential Duct Cleaning",,,,,,,,,,,,,,,,,,,,,,,,,,,"Air Duct Cleaning","15% Off"
"Search - Commercial Duct Cleaning",,,"5","Not applicable",,,,,,,,,,,,,,,,,,,,,,,,
"Search - Commercial Duct Cleaning",,,,,"Los Angeles",,,,,,,,,,,,,,,,,,,,,,,
"Search - Commercial Duct Cleaning",,,,,"Beverly Hills",,,,,,,,,,,,,,,,,,,,,,,
"Search - Commercial Duct Cleaning",,,,,"Glendale",,,,,,,,,,,,,,,,,,,,,,,
"Search - Commercial Duct Cleaning",,,,,"Malibu",,,,,,,,,,,,,,,,,,,,,,,
"Search - Commercial Duct Cleaning",,,,,"Century City",,,,,,,,,,,,,,,,,,,,,,,
"Search - Commercial Duct Cleaning",,,,,"Hollywood",,,,,,,,,,,,,,,,,,,,,,,
"Search - Commercial Duct Cleaning",,,,,"Downtown LA",,,,,,,,,,,,,,,,,,,,,,,
"Search - Commercial Duct Cleaning",,,,,"Ventura",,,,,,,,,,,,,,,,,,,,,,,
"Search - Commercial Duct Cleaning",,,,,"Pasadena",,,,,,,,,,,,,,,,,,,,,,,
"Search - Commercial Duct Cleaning",,,,,"Burbank",,,,,,,,,,,,,,,,,,,,,,,
"Search - Commercial Duct Cleaning",,,,,"Studio City",,,,,,,,,,,,,,,,,,,,,,,
"Search - Commercial Duct Cleaning",,,,,"Encino",,,,,,,,,,,,,,,,,,,,,,,
"Search - Commercial Duct Cleaning",,,,,"Tarzana",,,,,,,,,,,,,,,,,,,,,,,
"Search - Commercial Duct Cleaning",,,,,"Reseda",,,,,,,,,,,,,,,,,,,,,,,
"Search - Commercial Duct Cleaning",,,,,"Canoga Park",,,,,,,,,,,,,,,,,,,,,,,
"Search - Commercial Duct Cleaning",,,,,"Woodland Hills",,,,,,,,,,,,,,,,,,,,,,,
"Search - Commercial Duct Cleaning",,,,,"Calabasas",,,,,,,,,,,,,,,,,,,,,,,
"Search - Commercial Duct Cleaning",,,,,"Valley Village",,,,,,,,,,,,,,,,,,,,,,,
"Search - Commercial Duct Cleaning",,,,,"Van Nuys",,,,,,,,,,,,,,,,,,,,,,,
"Search - Commercial Duct Cleaning",,,,,"Panorama City",,,,,,,,,,,,,,,,,,,,,,,
"Search - Commercial Duct Cleaning",,,,,"Northridge",,,,,,,,,,,,,,,,,,,,,,,
"Search - Commercial Duct Cleaning",,,,,"Sun Valley",,,,,,,,,,,,,,,,,,,,,,,
"Search - Commercial Duct Cleaning",,,,,"Central LA",,,,,,,,,,,,,,,,,,,,,,,
"Search - Commercial Duct Cleaning",,,,,"Pacific Palisades",,,,,,,,,,,,,,,,,,,,,,,
"Search - Commercial Duct Cleaning",,,,,"Brentwood",,,,,,,,,,,,,,,,,,,,,,,
"Search - Commercial Duct Cleaning",,,,,"Los Feliz",,,,,,,,,,,,,,,,,,,,,,,
"Search - Commercial Duct Cleaning",,,,,"Culver City",,,,,,,,,,,,,,,,,,,,,,,
"Search - Commercial Duct Cleaning",,,,,"West Hollywood",,,,,,,,,,,,,,,,,,,,,,,
"Search - Commercial Duct Cleaning",,,,,"Chatsworth",,,,,,,,,,,,,,,,,,,,,,,
"Search - Commercial Duct Cleaning",,,,,"Laurel Canyon",,,,,,,,,,,,,,,,,,,,,,,
"Search - Commercial Duct Cleaning",,,,,"Fairfax",,,,,,,,,,,,,,,,,,,,,,,
"Search - Commercial Duct Cleaning",,,,,"Larchmont",,,,,,,,,,,,,,,,,,,,,,,
"Search - Commercial Duct Cleaning",,,,,"Koreatown",,,,,,,,,,,,,,,,,,,,,,,
"Search - Commercial Duct Cleaning",,,,,"West LA",,,,,,,,,,,,,,,,,,,,,,,
"Search - Commercial Duct Cleaning",,,,,"Westwood",,,,,,,,,,,,,,,,,,,,,,,
"Search - Commercial Duct Cleaning",,,,,"North of Montana",,,,,,,,,,,,,,,,,,,,,,,
"Search - Commercial Duct Cleaning",,,,,"Sawtelle",,,,,,,,,,,,,,,,,,,,,,,
"Search - Commercial Duct Cleaning",,,,,"Beverly Glen",,,,,,,,,,,,,,,,,,,,,,,
"Search - Commercial Duct Cleaning",,,,,"Mid-Wilshire",,,,,,,,,,,,,,,,,,,,,,,
"Search - Commercial Duct Cleaning",,,,,"Sherman Oaks",,,,,,,,,,,,,,,,,,,,,,,
"Search - Commercial Duct Cleaning",,,,,"Encino Village",,,,,,,,,,,,,,,,,,,,,,,
"Search - Commercial Duct Cleaning",,,,,"Lake Balboa",,,,,,,,,,,,,,,,,,,,,,,
"Search - Commercial Duct Cleaning",,,,,"Valley Glen",,,,,,,,,,,,,,,,,,,,,,,
"Search - Commercial Duct Cleaning",,,,,"Magnolia Park",,,,,,,,,,,,,,,,,,,,,,,
"Search - Commercial Duct Cleaning",,,,,"Toluca Lake",,,,,,,,,,,,,,,,,,,,,,,
"Search - Commercial Duct Cleaning",,,,,"Sherwood Forest",,,,,,,,,,,,,,,,,,,,,,,
"Search - Commercial Duct Cleaning",,,,,"Winnetka",,,,,,,,,,,,,,,,,,,,,,,
"Search - Commercial Duct Cleaning",,,,,"Granada Hills",,,,,,,,,,,,,,,,,,,,,,,
"Search - Commercial Duct Cleaning",,,,,"Mission Hills",,,,,,,,,,,,,,,,,,,,,,,
"Search - Commercial Duct Cleaning",,,,,"Porter Ranch",,,,,,,,,,,,,,,,,,,,,,,
"Search - Commercial Duct Cleaning",,,,,"North Hollywood",,,,,,,,,,,,,,,,,,,,,,,
"Search - Commercial Duct Cleaning",,,,,"Sepulveda Basin",,,,,,,,,,,,,,,,,,,,,,,
"Search - Commercial Duct Cleaning",,,,,"Hidden Hills",,,,,,,,,,,,,,,,,,,,,,,
"Search - Commercial Duct Cleaning",,,,,"Deer Lake Highlands",,,,,,,,,,,,,,,,,,,,,,,
"Search - Commercial Duct Cleaning","Commercial Air Duct Cleaning",,,,,"Commercial Air Duct Cleaning","Pure Air California LA","Expert Office Duct Cleaning","Improve Indoor Air Quality","NADCA Certified Professionals","Professional air duct cleaning for LA businesses and offices.","Reduce allergens and improve energy efficiency in your building.","Licensed and insured commercial duct cleaning experts.","Get a free estimate for your commercial property today.","Commercial","Duct-Cleaning","https://www.pureaircalifornia.com/services/commercial-air-duct-cleaning",,,,,,,,,,,
"Search - Commercial Duct Cleaning","Commercial Air Duct Cleaning","[commercial air duct cleaning]",,,,,,,,,,,,,,,,,,,,,,,,,,
"Search - Commercial Duct Cleaning","Commercial Air Duct Cleaning",""""commercial air duct cleaning"""",,,,,,,,,,,,,,,,,,,,,,,,,,
"Search - Commercial Duct Cleaning","Commercial Air Duct Cleaning","[office air duct cleaning]",,,,,,,,,,,,,,,,,,,,,,,,,,
"Search - Commercial Duct Cleaning","Commercial Air Duct Cleaning",""""office air duct cleaning"""",,,,,,,,,,,,,,,,,,,,,,,,,,
"Search - Commercial Duct Cleaning",,"-cheap",,,,,,,,,,,,,,,,,,,,,,,,,,
"Search - Commercial Duct Cleaning",,"-diy",,,,,,,,,,,,,,,,,,,,,,,,,,
"Search - Commercial Duct Cleaning",,"-jobs",,,,,,,,,,,,,,,,,,,,,,,,,,
"Search - Commercial Duct Cleaning",,"-how to",,,,,,,,,,,,,,,,,,,,,,,,,,
"Search - Commercial Duct Cleaning",,,,,,,,,,,,,,,,,,"Air Duct Cleaning","https://www.pureaircalifornia.com/services/residential-air-duct-cleaning",,,,,,,,,
"Search - Commercial Duct Cleaning",,,,,,,,,,,,,,,,,,"Commercial Air Ducts","https://www.pureaircalifornia.com/services/commercial-air-duct-cleaning",,,,,,,,,
"Search - Commercial Duct Cleaning",,,,,,,,,,,,,,,,,,"Dryer Vent Cleaning","https://www.pureaircalifornia.com/services/residential-dryer-vent-cleaning",,,,,,,,,
"Search - Commercial Duct Cleaning",,,,,,,,,,,,,,,,,,"Commercial Dryer Vent","https://www.pureaircalifornia.com/services/commercial-dryer-vent-cleaning",,,,,,,,,
"Search - Commercial Duct Cleaning",,,,,,,,,,,,,,,,,,"HVAC System Cleaning","https://www.pureaircalifornia.com/services/hvac-system-cleaning",,,,,,,,,
"Search - Commercial Duct Cleaning",,,,,,,,,,,,,,,,,,"Electrostatic Filters","https://www.pureaircalifornia.com/services/residential-electrostatic-filter",,,,,,,,,
"Search - Commercial Duct Cleaning",,,,,,,,,,,,,,,,,,"Service Areas","https://www.pureaircalifornia.com/locations",,,,,,,,,
"Search - Commercial Duct Cleaning",,,,,,,,,,,,,,,,,,,,"Free Estimates",,,,,,,,
"Search - Commercial Duct Cleaning",,,,,,,,,,,,,,,,,,,,"NADCA Certified",,,,,,,,
"Search - Commercial Duct Cleaning",,,,,,,,,,,,,,,,,,,,"Fully Insured",,,,,,,,
"Search - Commercial Duct Cleaning",,,,,,,,,,,,,,,,,,,,"5-Star Reviews",,,,,,,,
"Search - Commercial Duct Cleaning",,,,,,,,,,,,,,,,,,,,,"(213) 792-4145","US",,,,,,
"Search - Commercial Duct Cleaning",,,,,,,,,,,,,,,,,,,,,,,"Service catalog","Air Duct Cleaning","Dryer Vent Cleaning","HVAC System Cleaning",,
"Search - Commercial Duct Cleaning",,,,,,,,,,,,,,,,,,,,,,,"Amenities","Free Quotes","Fast Service","Award Winning",,
"Search - Commercial Duct Cleaning",,,,,,,,,,,,,,,,,,,,,,,,,,,"Air Duct Cleaning","15% Off"
"Search - Residential Dryer Vent",,,"2","Not applicable",,,,,,,,,,,,,,,,,,,,,,,,
"Search - Residential Dryer Vent",,,,,"Los Angeles",,,,,,,,,,,,,,,,,,,,,,,
"Search - Residential Dryer Vent",,,,,"Beverly Hills",,,,,,,,,,,,,,,,,,,,,,,
"Search - Residential Dryer Vent",,,,,"Glendale",,,,,,,,,,,,,,,,,,,,,,,
"Search - Residential Dryer Vent",,,,,"Malibu",,,,,,,,,,,,,,,,,,,,,,,
"Search - Residential Dryer Vent",,,,,"Century City",,,,,,,,,,,,,,,,,,,,,,,
"Search - Residential Dryer Vent",,,,,"Hollywood",,,,,,,,,,,,,,,,,,,,,,,
"Search - Residential Dryer Vent",,,,,"Downtown LA",,,,,,,,,,,,,,,,,,,,,,,
"Search - Residential Dryer Vent",,,,,"Ventura",,,,,,,,,,,,,,,,,,,,,,,
"Search - Residential Dryer Vent",,,,,"Pasadena",,,,,,,,,,,,,,,,,,,,,,,
"Search - Residential Dryer Vent",,,,,"Burbank",,,,,,,,,,,,,,,,,,,,,,,
"Search - Residential Dryer Vent",,,,,"Studio City",,,,,,,,,,,,,,,,,,,,,,,
"Search - Residential Dryer Vent",,,,,"Encino",,,,,,,,,,,,,,,,,,,,,,,
"Search - Residential Dryer Vent",,,,,"Tarzana",,,,,,,,,,,,,,,,,,,,,,,
"Search - Residential Dryer Vent",,,,,"Reseda",,,,,,,,,,,,,,,,,,,,,,,
"Search - Residential Dryer Vent",,,,,"Canoga Park",,,,,,,,,,,,,,,,,,,,,,,
"Search - Residential Dryer Vent",,,,,"Woodland Hills",,,,,,,,,,,,,,,,,,,,,,,
"Search - Residential Dryer Vent",,,,,"Calabasas",,,,,,,,,,,,,,,,,,,,,,,
"Search - Residential Dryer Vent",,,,,"Valley Village",,,,,,,,,,,,,,,,,,,,,,,
"Search - Residential Dryer Vent",,,,,"Van Nuys",,,,,,,,,,,,,,,,,,,,,,,
"Search - Residential Dryer Vent",,,,,"Panorama City",,,,,,,,,,,,,,,,,,,,,,,
"Search - Residential Dryer Vent",,,,,"Northridge",,,,,,,,,,,,,,,,,,,,,,,
"Search - Residential Dryer Vent",,,,,"Sun Valley",,,,,,,,,,,,,,,,,,,,,,,
"Search - Residential Dryer Vent",,,,,"Central LA",,,,,,,,,,,,,,,,,,,,,,,
"Search - Residential Dryer Vent",,,,,"Pacific Palisades",,,,,,,,,,,,,,,,,,,,,,,
"Search - Residential Dryer Vent",,,,,"Brentwood",,,,,,,,,,,,,,,,,,,,,,,
"Search - Residential Dryer Vent",,,,,"Los Feliz",,,,,,,,,,,,,,,,,,,,,,,
"Search - Residential Dryer Vent",,,,,"Culver City",,,,,,,,,,,,,,,,,,,,,,,
"Search - Residential Dryer Vent",,,,,"West Hollywood",,,,,,,,,,,,,,,,,,,,,,,
"Search - Residential Dryer Vent",,,,,"Chatsworth",,,,,,,,,,,,,,,,,,,,,,,
"Search - Residential Dryer Vent",,,,,"Laurel Canyon",,,,,,,,,,,,,,,,,,,,,,,
"Search - Residential Dryer Vent",,,,,"Fairfax",,,,,,,,,,,,,,,,,,,,,,,
"Search - Residential Dryer Vent",,,,,"Larchmont",,,,,,,,,,,,,,,,,,,,,,,
"Search - Residential Dryer Vent",,,,,"Koreatown",,,,,,,,,,,,,,,,,,,,,,,
"Search - Residential Dryer Vent",,,,,"West LA",,,,,,,,,,,,,,,,,,,,,,,
"Search - Residential Dryer Vent",,,,,"Westwood",,,,,,,,,,,,,,,,,,,,,,,
"Search - Residential Dryer Vent",,,,,"North of Montana",,,,,,,,,,,,,,,,,,,,,,,
"Search - Residential Dryer Vent",,,,,"Sawtelle",,,,,,,,,,,,,,,,,,,,,,,
"Search - Residential Dryer Vent",,,,,"Beverly Glen",,,,,,,,,,,,,,,,,,,,,,,
"Search - Residential Dryer Vent",,,,,"Mid-Wilshire",,,,,,,,,,,,,,,,,,,,,,,
"Search - Residential Dryer Vent",,,,,"Sherman Oaks",,,,,,,,,,,,,,,,,,,,,,,
"Search - Residential Dryer Vent",,,,,"Encino Village",,,,,,,,,,,,,,,,,,,,,,,
"Search - Residential Dryer Vent",,,,,"Lake Balboa",,,,,,,,,,,,,,,,,,,,,,,
"Search - Residential Dryer Vent",,,,,"Valley Glen",,,,,,,,,,,,,,,,,,,,,,,
"Search - Residential Dryer Vent",,,,,"Magnolia Park",,,,,,,,,,,,,,,,,,,,,,,
"Search - Residential Dryer Vent",,,,,"Toluca Lake",,,,,,,,,,,,,,,,,,,,,,,
"Search - Residential Dryer Vent",,,,,"Sherwood Forest",,,,,,,,,,,,,,,,,,,,,,,
"Search - Residential Dryer Vent",,,,,"Winnetka",,,,,,,,,,,,,,,,,,,,,,,
"Search - Residential Dryer Vent",,,,,"Granada Hills",,,,,,,,,,,,,,,,,,,,,,,
"Search - Residential Dryer Vent",,,,,"Mission Hills",,,,,,,,,,,,,,,,,,,,,,,
"Search - Residential Dryer Vent",,,,,"Porter Ranch",,,,,,,,,,,,,,,,,,,,,,,
"Search - Residential Dryer Vent",,,,,"North Hollywood",,,,,,,,,,,,,,,,,,,,,,,
"Search - Residential Dryer Vent",,,,,"Sepulveda Basin",,,,,,,,,,,,,,,,,,,,,,,
"Search - Residential Dryer Vent",,,,,"Hidden Hills",,,,,,,,,,,,,,,,,,,,,,,
"Search - Residential Dryer Vent",,,,,"Deer Lake Highlands",,,,,,,,,,,,,,,,,,,,,,,
"Search - Residential Dryer Vent","Dryer Vent Cleaning LA",,,,,"Prevent Dryer Fires Today","Dryer Vent Cleaning LA","Pure Air California","Expert Dryer Vent Cleaners","Improve Dryer Efficiency","Professional dryer vent cleaning to prevent fire hazards.","Speed up drying times and save on energy bills today.","Certified technicians serving all of Los Angeles.","Schedule your residential dryer vent cleaning securely online.","Dryer-Vent","Cleaning","https://www.pureaircalifornia.com/services/residential-dryer-vent-cleaning",,,,,,,,,,,
"Search - Residential Dryer Vent","Dryer Vent Cleaning LA","[dryer vent cleaning los angeles]",,,,,,,,,,,,,,,,,,,,,,,,,,
"Search - Residential Dryer Vent","Dryer Vent Cleaning LA",""""dryer vent cleaning los angeles"""",,,,,,,,,,,,,,,,,,,,,,,,,,
"Search - Residential Dryer Vent",,"-cheap",,,,,,,,,,,,,,,,,,,,,,,,,,
"Search - Residential Dryer Vent",,"-diy",,,,,,,,,,,,,,,,,,,,,,,,,,
"Search - Residential Dryer Vent",,"-do it yourself",,,,,,,,,,,,,,,,,,,,,,,,,,
"Search - Residential Dryer Vent",,,,,,,,,,,,,,,,,,"Air Duct Cleaning","https://www.pureaircalifornia.com/services/residential-air-duct-cleaning",,,,,,,,,
"Search - Residential Dryer Vent",,,,,,,,,,,,,,,,,,"Commercial Air Ducts","https://www.pureaircalifornia.com/services/commercial-air-duct-cleaning",,,,,,,,,
"Search - Residential Dryer Vent",,,,,,,,,,,,,,,,,,"Dryer Vent Cleaning","https://www.pureaircalifornia.com/services/residential-dryer-vent-cleaning",,,,,,,,,
"Search - Residential Dryer Vent",,,,,,,,,,,,,,,,,,"Commercial Dryer Vent","https://www.pureaircalifornia.com/services/commercial-dryer-vent-cleaning",,,,,,,,,
"Search - Residential Dryer Vent",,,,,,,,,,,,,,,,,,"HVAC System Cleaning","https://www.pureaircalifornia.com/services/hvac-system-cleaning",,,,,,,,,
"Search - Residential Dryer Vent",,,,,,,,,,,,,,,,,,"Electrostatic Filters","https://www.pureaircalifornia.com/services/residential-electrostatic-filter",,,,,,,,,
"Search - Residential Dryer Vent",,,,,,,,,,,,,,,,,,"Service Areas","https://www.pureaircalifornia.com/locations",,,,,,,,,
"Search - Residential Dryer Vent",,,,,,,,,,,,,,,,,,,,"Free Estimates",,,,,,,,
"Search - Residential Dryer Vent",,,,,,,,,,,,,,,,,,,,"NADCA Certified",,,,,,,,
"Search - Residential Dryer Vent",,,,,,,,,,,,,,,,,,,,"Fully Insured",,,,,,,,
"Search - Residential Dryer Vent",,,,,,,,,,,,,,,,,,,,"5-Star Reviews",,,,,,,,
"Search - Residential Dryer Vent",,,,,,,,,,,,,,,,,,,,,"(213) 792-4145","US",,,,,,
"Search - Residential Dryer Vent",,,,,,,,,,,,,,,,,,,,,,,"Service catalog","Air Duct Cleaning","Dryer Vent Cleaning","HVAC System Cleaning",,
"Search - Residential Dryer Vent",,,,,,,,,,,,,,,,,,,,,,,"Amenities","Free Quotes","Fast Service","Award Winning",,
"Search - Residential Dryer Vent",,,,,,,,,,,,,,,,,,,,,,,,,,,"Air Duct Cleaning","15% Off"
"Search - Commercial Dryer Vent",,,"2","Not applicable",,,,,,,,,,,,,,,,,,,,,,,,
"Search - Commercial Dryer Vent",,,,,"Los Angeles",,,,,,,,,,,,,,,,,,,,,,,
"Search - Commercial Dryer Vent",,,,,"Beverly Hills",,,,,,,,,,,,,,,,,,,,,,,
"Search - Commercial Dryer Vent",,,,,"Glendale",,,,,,,,,,,,,,,,,,,,,,,
"Search - Commercial Dryer Vent",,,,,"Malibu",,,,,,,,,,,,,,,,,,,,,,,
"Search - Commercial Dryer Vent",,,,,"Century City",,,,,,,,,,,,,,,,,,,,,,,
"Search - Commercial Dryer Vent",,,,,"Hollywood",,,,,,,,,,,,,,,,,,,,,,,
"Search - Commercial Dryer Vent",,,,,"Downtown LA",,,,,,,,,,,,,,,,,,,,,,,
"Search - Commercial Dryer Vent",,,,,"Ventura",,,,,,,,,,,,,,,,,,,,,,,
"Search - Commercial Dryer Vent",,,,,"Pasadena",,,,,,,,,,,,,,,,,,,,,,,
"Search - Commercial Dryer Vent",,,,,"Burbank",,,,,,,,,,,,,,,,,,,,,,,
"Search - Commercial Dryer Vent",,,,,"Studio City",,,,,,,,,,,,,,,,,,,,,,,
"Search - Commercial Dryer Vent",,,,,"Encino",,,,,,,,,,,,,,,,,,,,,,,
"Search - Commercial Dryer Vent",,,,,"Tarzana",,,,,,,,,,,,,,,,,,,,,,,
"Search - Commercial Dryer Vent",,,,,"Reseda",,,,,,,,,,,,,,,,,,,,,,,
"Search - Commercial Dryer Vent",,,,,"Canoga Park",,,,,,,,,,,,,,,,,,,,,,,
"Search - Commercial Dryer Vent",,,,,"Woodland Hills",,,,,,,,,,,,,,,,,,,,,,,
"Search - Commercial Dryer Vent",,,,,"Calabasas",,,,,,,,,,,,,,,,,,,,,,,
"Search - Commercial Dryer Vent",,,,,"Valley Village",,,,,,,,,,,,,,,,,,,,,,,
"Search - Commercial Dryer Vent",,,,,"Van Nuys",,,,,,,,,,,,,,,,,,,,,,,
"Search - Commercial Dryer Vent",,,,,"Panorama City",,,,,,,,,,,,,,,,,,,,,,,
"Search - Commercial Dryer Vent",,,,,"Northridge",,,,,,,,,,,,,,,,,,,,,,,
"Search - Commercial Dryer Vent",,,,,"Sun Valley",,,,,,,,,,,,,,,,,,,,,,,
"Search - Commercial Dryer Vent",,,,,"Central LA",,,,,,,,,,,,,,,,,,,,,,,
"Search - Commercial Dryer Vent",,,,,"Pacific Palisades",,,,,,,,,,,,,,,,,,,,,,,
"Search - Commercial Dryer Vent",,,,,"Brentwood",,,,,,,,,,,,,,,,,,,,,,,
"Search - Commercial Dryer Vent",,,,,"Los Feliz",,,,,,,,,,,,,,,,,,,,,,,
"Search - Commercial Dryer Vent",,,,,"Culver City",,,,,,,,,,,,,,,,,,,,,,,
"Search - Commercial Dryer Vent",,,,,"West Hollywood",,,,,,,,,,,,,,,,,,,,,,,
"Search - Commercial Dryer Vent",,,,,"Chatsworth",,,,,,,,,,,,,,,,,,,,,,,
"Search - Commercial Dryer Vent",,,,,"Laurel Canyon",,,,,,,,,,,,,,,,,,,,,,,
"Search - Commercial Dryer Vent",,,,,"Fairfax",,,,,,,,,,,,,,,,,,,,,,,
"Search - Commercial Dryer Vent",,,,,"Larchmont",,,,,,,,,,,,,,,,,,,,,,,
"Search - Commercial Dryer Vent",,,,,"Koreatown",,,,,,,,,,,,,,,,,,,,,,,
"Search - Commercial Dryer Vent",,,,,"West LA",,,,,,,,,,,,,,,,,,,,,,,
"Search - Commercial Dryer Vent",,,,,"Westwood",,,,,,,,,,,,,,,,,,,,,,,
"Search - Commercial Dryer Vent",,,,,"North of Montana",,,,,,,,,,,,,,,,,,,,,,,
"Search - Commercial Dryer Vent",,,,,"Sawtelle",,,,,,,,,,,,,,,,,,,,,,,
"Search - Commercial Dryer Vent",,,,,"Beverly Glen",,,,,,,,,,,,,,,,,,,,,,,
"Search - Commercial Dryer Vent",,,,,"Mid-Wilshire",,,,,,,,,,,,,,,,,,,,,,,
"Search - Commercial Dryer Vent",,,,,"Sherman Oaks",,,,,,,,,,,,,,,,,,,,,,,
"Search - Commercial Dryer Vent",,,,,"Encino Village",,,,,,,,,,,,,,,,,,,,,,,
"Search - Commercial Dryer Vent",,,,,"Lake Balboa",,,,,,,,,,,,,,,,,,,,,,,
"Search - Commercial Dryer Vent",,,,,"Valley Glen",,,,,,,,,,,,,,,,,,,,,,,
"Search - Commercial Dryer Vent",,,,,"Magnolia Park",,,,,,,,,,,,,,,,,,,,,,,
"Search - Commercial Dryer Vent",,,,,"Toluca Lake",,,,,,,,,,,,,,,,,,,,,,,
"Search - Commercial Dryer Vent",,,,,"Sherwood Forest",,,,,,,,,,,,,,,,,,,,,,,
"Search - Commercial Dryer Vent",,,,,"Winnetka",,,,,,,,,,,,,,,,,,,,,,,
"Search - Commercial Dryer Vent",,,,,"Granada Hills",,,,,,,,,,,,,,,,,,,,,,,
"Search - Commercial Dryer Vent",,,,,"Mission Hills",,,,,,,,,,,,,,,,,,,,,,,
"Search - Commercial Dryer Vent",,,,,"Porter Ranch",,,,,,,,,,,,,,,,,,,,,,,
"Search - Commercial Dryer Vent",,,,,"North Hollywood",,,,,,,,,,,,,,,,,,,,,,,
"Search - Commercial Dryer Vent",,,,,"Sepulveda Basin",,,,,,,,,,,,,,,,,,,,,,,
"Search - Commercial Dryer Vent",,,,,"Hidden Hills",,,,,,,,,,,,,,,,,,,,,,,
"Search - Commercial Dryer Vent",,,,,"Deer Lake Highlands",,,,,,,,,,,,,,,,,,,,,,,
"Search - Commercial Dryer Vent","Commercial Dryer Vent Cleaning",,,,,"Commercial Dryer Vent Cleaning","Pure Air California","Prevent Fire Hazards Today","Laundromat Vent Cleaners","Expert Vent Maintenance","Protect your commercial property with expert dryer vent cleaning.","Serving laundromats and multi-family housing in Los Angeles.","Licensed and insured technicians for commercial properties.","Contact us today for a free commercial vent cleaning quote.","Commercial","Dryer-Vent","https://www.pureaircalifornia.com/services/commercial-dryer-vent-cleaning",,,,,,,,,,,
"Search - Commercial Dryer Vent","Commercial Dryer Vent Cleaning","[commercial dryer vent cleaning]",,,,,,,,,,,,,,,,,,,,,,,,,,
"Search - Commercial Dryer Vent","Commercial Dryer Vent Cleaning",""""commercial dryer vent cleaning"""",,,,,,,,,,,,,,,,,,,,,,,,,,
"Search - Commercial Dryer Vent",,"-cheap",,,,,,,,,,,,,,,,,,,,,,,,,,
"Search - Commercial Dryer Vent",,"-jobs",,,,,,,,,,,,,,,,,,,,,,,,,,
"Search - Commercial Dryer Vent",,,,,,,,,,,,,,,,,,"Air Duct Cleaning","https://www.pureaircalifornia.com/services/residential-air-duct-cleaning",,,,,,,,,
"Search - Commercial Dryer Vent",,,,,,,,,,,,,,,,,,"Commercial Air Ducts","https://www.pureaircalifornia.com/services/commercial-air-duct-cleaning",,,,,,,,,
"Search - Commercial Dryer Vent",,,,,,,,,,,,,,,,,,"Dryer Vent Cleaning","https://www.pureaircalifornia.com/services/residential-dryer-vent-cleaning",,,,,,,,,
"Search - Commercial Dryer Vent",,,,,,,,,,,,,,,,,,"Commercial Dryer Vent","https://www.pureaircalifornia.com/services/commercial-dryer-vent-cleaning",,,,,,,,,
"Search - Commercial Dryer Vent",,,,,,,,,,,,,,,,,,"HVAC System Cleaning","https://www.pureaircalifornia.com/services/hvac-system-cleaning",,,,,,,,,
"Search - Commercial Dryer Vent",,,,,,,,,,,,,,,,,,"Electrostatic Filters","https://www.pureaircalifornia.com/services/residential-electrostatic-filter",,,,,,,,,
"Search - Commercial Dryer Vent",,,,,,,,,,,,,,,,,,"Service Areas","https://www.pureaircalifornia.com/locations",,,,,,,,,
"Search - Commercial Dryer Vent",,,,,,,,,,,,,,,,,,,,"Free Estimates",,,,,,,,
"Search - Commercial Dryer Vent",,,,,,,,,,,,,,,,,,,,"NADCA Certified",,,,,,,,
"Search - Commercial Dryer Vent",,,,,,,,,,,,,,,,,,,,"Fully Insured",,,,,,,,
"Search - Commercial Dryer Vent",,,,,,,,,,,,,,,,,,,,"5-Star Reviews",,,,,,,,
"Search - Commercial Dryer Vent",,,,,,,,,,,,,,,,,,,,,"(213) 792-4145","US",,,,,,
"Search - Commercial Dryer Vent",,,,,,,,,,,,,,,,,,,,,,,"Service catalog","Air Duct Cleaning","Dryer Vent Cleaning","HVAC System Cleaning",,
"Search - Commercial Dryer Vent",,,,,,,,,,,,,,,,,,,,,,,"Amenities","Free Quotes","Fast Service","Award Winning",,
"Search - Commercial Dryer Vent",,,,,,,,,,,,,,,,,,,,,,,,,,,"Air Duct Cleaning","15% Off"
"Search - Electrostatic Filters",,,"2","Not applicable",,,,,,,,,,,,,,,,,,,,,,,,
"Search - Electrostatic Filters",,,,,"Los Angeles",,,,,,,,,,,,,,,,,,,,,,,
"Search - Electrostatic Filters",,,,,"Beverly Hills",,,,,,,,,,,,,,,,,,,,,,,
"Search - Electrostatic Filters",,,,,"Glendale",,,,,,,,,,,,,,,,,,,,,,,
"Search - Electrostatic Filters",,,,,"Malibu",,,,,,,,,,,,,,,,,,,,,,,
"Search - Electrostatic Filters",,,,,"Century City",,,,,,,,,,,,,,,,,,,,,,,
"Search - Electrostatic Filters",,,,,"Hollywood",,,,,,,,,,,,,,,,,,,,,,,
"Search - Electrostatic Filters",,,,,"Downtown LA",,,,,,,,,,,,,,,,,,,,,,,
"Search - Electrostatic Filters",,,,,"Ventura",,,,,,,,,,,,,,,,,,,,,,,
"Search - Electrostatic Filters",,,,,"Pasadena",,,,,,,,,,,,,,,,,,,,,,,
"Search - Electrostatic Filters",,,,,"Burbank",,,,,,,,,,,,,,,,,,,,,,,
"Search - Electrostatic Filters",,,,,"Studio City",,,,,,,,,,,,,,,,,,,,,,,
"Search - Electrostatic Filters",,,,,"Encino",,,,,,,,,,,,,,,,,,,,,,,
"Search - Electrostatic Filters",,,,,"Tarzana",,,,,,,,,,,,,,,,,,,,,,,
"Search - Electrostatic Filters",,,,,"Reseda",,,,,,,,,,,,,,,,,,,,,,,
"Search - Electrostatic Filters",,,,,"Canoga Park",,,,,,,,,,,,,,,,,,,,,,,
"Search - Electrostatic Filters",,,,,"Woodland Hills",,,,,,,,,,,,,,,,,,,,,,,
"Search - Electrostatic Filters",,,,,"Calabasas",,,,,,,,,,,,,,,,,,,,,,,
"Search - Electrostatic Filters",,,,,"Valley Village",,,,,,,,,,,,,,,,,,,,,,,
"Search - Electrostatic Filters",,,,,"Van Nuys",,,,,,,,,,,,,,,,,,,,,,,
"Search - Electrostatic Filters",,,,,"Panorama City",,,,,,,,,,,,,,,,,,,,,,,
"Search - Electrostatic Filters",,,,,"Northridge",,,,,,,,,,,,,,,,,,,,,,,
"Search - Electrostatic Filters",,,,,"Sun Valley",,,,,,,,,,,,,,,,,,,,,,,
"Search - Electrostatic Filters",,,,,"Central LA",,,,,,,,,,,,,,,,,,,,,,,
"Search - Electrostatic Filters",,,,,"Pacific Palisades",,,,,,,,,,,,,,,,,,,,,,,
"Search - Electrostatic Filters",,,,,"Brentwood",,,,,,,,,,,,,,,,,,,,,,,
"Search - Electrostatic Filters",,,,,"Los Feliz",,,,,,,,,,,,,,,,,,,,,,,
"Search - Electrostatic Filters",,,,,"Culver City",,,,,,,,,,,,,,,,,,,,,,,
"Search - Electrostatic Filters",,,,,"West Hollywood",,,,,,,,,,,,,,,,,,,,,,,
"Search - Electrostatic Filters",,,,,"Chatsworth",,,,,,,,,,,,,,,,,,,,,,,
"Search - Electrostatic Filters",,,,,"Laurel Canyon",,,,,,,,,,,,,,,,,,,,,,,
"Search - Electrostatic Filters",,,,,"Fairfax",,,,,,,,,,,,,,,,,,,,,,,
"Search - Electrostatic Filters",,,,,"Larchmont",,,,,,,,,,,,,,,,,,,,,,,
"Search - Electrostatic Filters",,,,,"Koreatown",,,,,,,,,,,,,,,,,,,,,,,
"Search - Electrostatic Filters",,,,,"West LA",,,,,,,,,,,,,,,,,,,,,,,
"Search - Electrostatic Filters",,,,,"Westwood",,,,,,,,,,,,,,,,,,,,,,,
"Search - Electrostatic Filters",,,,,"North of Montana",,,,,,,,,,,,,,,,,,,,,,,
"Search - Electrostatic Filters",,,,,"Sawtelle",,,,,,,,,,,,,,,,,,,,,,,
"Search - Electrostatic Filters",,,,,"Beverly Glen",,,,,,,,,,,,,,,,,,,,,,,
"Search - Electrostatic Filters",,,,,"Mid-Wilshire",,,,,,,,,,,,,,,,,,,,,,,
"Search - Electrostatic Filters",,,,,"Sherman Oaks",,,,,,,,,,,,,,,,,,,,,,,
"Search - Electrostatic Filters",,,,,"Encino Village",,,,,,,,,,,,,,,,,,,,,,,
"Search - Electrostatic Filters",,,,,"Lake Balboa",,,,,,,,,,,,,,,,,,,,,,,
"Search - Electrostatic Filters",,,,,"Valley Glen",,,,,,,,,,,,,,,,,,,,,,,
"Search - Electrostatic Filters",,,,,"Magnolia Park",,,,,,,,,,,,,,,,,,,,,,,
"Search - Electrostatic Filters",,,,,"Toluca Lake",,,,,,,,,,,,,,,,,,,,,,,
"Search - Electrostatic Filters",,,,,"Sherwood Forest",,,,,,,,,,,,,,,,,,,,,,,
"Search - Electrostatic Filters",,,,,"Winnetka",,,,,,,,,,,,,,,,,,,,,,,
"Search - Electrostatic Filters",,,,,"Granada Hills",,,,,,,,,,,,,,,,,,,,,,,
"Search - Electrostatic Filters",,,,,"Mission Hills",,,,,,,,,,,,,,,,,,,,,,,
"Search - Electrostatic Filters",,,,,"Porter Ranch",,,,,,,,,,,,,,,,,,,,,,,
"Search - Electrostatic Filters",,,,,"North Hollywood",,,,,,,,,,,,,,,,,,,,,,,
"Search - Electrostatic Filters",,,,,"Sepulveda Basin",,,,,,,,,,,,,,,,,,,,,,,
"Search - Electrostatic Filters",,,,,"Hidden Hills",,,,,,,,,,,,,,,,,,,,,,,
"Search - Electrostatic Filters",,,,,"Deer Lake Highlands",,,,,,,,,,,,,,,,,,,,,,,
"Search - Electrostatic Filters","Electrostatic Filter Install",,,,,"Install Electrostatic Filters","Pure Air California","Superior Indoor Air Quality","Advanced Air Filtration","Breathe Easier At Home","Upgrade your home with a permanent electrostatic air filter.","Washable filters that capture up to 95% of airborne particles.","Stop buying disposable filters and save money long-term.","Request your professional electrostatic filter installation.","Air-Filters","Electrostatic","https://www.pureaircalifornia.com/services/residential-electrostatic-filter",,,,,,,,,,,
"Search - Electrostatic Filters","Electrostatic Filter Install","[electrostatic air filter installation]",,,,,,,,,,,,,,,,,,,,,,,,,,
"Search - Electrostatic Filters","Electrostatic Filter Install",""""electrostatic air filter installation"""",,,,,,,,,,,,,,,,,,,,,,,,,,
"Search - Electrostatic Filters","Electrostatic Filter Install","[electrostatic air filters]",,,,,,,,,,,,,,,,,,,,,,,,,,
"Search - Electrostatic Filters","Electrostatic Filter Install",""""electrostatic air filters"""",,,,,,,,,,,,,,,,,,,,,,,,,,
"Search - Electrostatic Filters",,,,,,,,,,,,,,,,,,"Air Duct Cleaning","https://www.pureaircalifornia.com/services/residential-air-duct-cleaning",,,,,,,,,
"Search - Electrostatic Filters",,,,,,,,,,,,,,,,,,"Commercial Air Ducts","https://www.pureaircalifornia.com/services/commercial-air-duct-cleaning",,,,,,,,,
"Search - Electrostatic Filters",,,,,,,,,,,,,,,,,,"Dryer Vent Cleaning","https://www.pureaircalifornia.com/services/residential-dryer-vent-cleaning",,,,,,,,,
"Search - Electrostatic Filters",,,,,,,,,,,,,,,,,,"Commercial Dryer Vent","https://www.pureaircalifornia.com/services/commercial-dryer-vent-cleaning",,,,,,,,,
"Search - Electrostatic Filters",,,,,,,,,,,,,,,,,,"HVAC System Cleaning","https://www.pureaircalifornia.com/services/hvac-system-cleaning",,,,,,,,,
"Search - Electrostatic Filters",,,,,,,,,,,,,,,,,,"Electrostatic Filters","https://www.pureaircalifornia.com/services/residential-electrostatic-filter",,,,,,,,,
"Search - Electrostatic Filters",,,,,,,,,,,,,,,,,,"Service Areas","https://www.pureaircalifornia.com/locations",,,,,,,,,
"Search - Electrostatic Filters",,,,,,,,,,,,,,,,,,,,"Free Estimates",,,,,,,,
"Search - Electrostatic Filters",,,,,,,,,,,,,,,,,,,,"NADCA Certified",,,,,,,,
"Search - Electrostatic Filters",,,,,,,,,,,,,,,,,,,,"Fully Insured",,,,,,,,
"Search - Electrostatic Filters",,,,,,,,,,,,,,,,,,,,"5-Star Reviews",,,,,,,,
"Search - Electrostatic Filters",,,,,,,,,,,,,,,,,,,,,"(213) 792-4145","US",,,,,,
"Search - Electrostatic Filters",,,,,,,,,,,,,,,,,,,,,,,"Service catalog","Air Duct Cleaning","Dryer Vent Cleaning","HVAC System Cleaning",,
"Search - Electrostatic Filters",,,,,,,,,,,,,,,,,,,,,,,"Amenities","Free Quotes","Fast Service","Award Winning",,
"Search - Electrostatic Filters",,,,,,,,,,,,,,,,,,,,,,,,,,,"Air Duct Cleaning","15% Off"
"Search - HVAC Cleaning",,,"10","Not applicable",,,,,,,,,,,,,,,,,,,,,,,,
"Search - HVAC Cleaning",,,,,"Los Angeles",,,,,,,,,,,,,,,,,,,,,,,
"Search - HVAC Cleaning",,,,,"Beverly Hills",,,,,,,,,,,,,,,,,,,,,,,
"Search - HVAC Cleaning",,,,,"Glendale",,,,,,,,,,,,,,,,,,,,,,,
"Search - HVAC Cleaning",,,,,"Malibu",,,,,,,,,,,,,,,,,,,,,,,
"Search - HVAC Cleaning",,,,,"Century City",,,,,,,,,,,,,,,,,,,,,,,
"Search - HVAC Cleaning",,,,,"Hollywood",,,,,,,,,,,,,,,,,,,,,,,
"Search - HVAC Cleaning",,,,,"Downtown LA",,,,,,,,,,,,,,,,,,,,,,,
"Search - HVAC Cleaning",,,,,"Ventura",,,,,,,,,,,,,,,,,,,,,,,
"Search - HVAC Cleaning",,,,,"Pasadena",,,,,,,,,,,,,,,,,,,,,,,
"Search - HVAC Cleaning",,,,,"Burbank",,,,,,,,,,,,,,,,,,,,,,,
"Search - HVAC Cleaning",,,,,"Studio City",,,,,,,,,,,,,,,,,,,,,,,
"Search - HVAC Cleaning",,,,,"Encino",,,,,,,,,,,,,,,,,,,,,,,
"Search - HVAC Cleaning",,,,,"Tarzana",,,,,,,,,,,,,,,,,,,,,,,
"Search - HVAC Cleaning",,,,,"Reseda",,,,,,,,,,,,,,,,,,,,,,,
"Search - HVAC Cleaning",,,,,"Canoga Park",,,,,,,,,,,,,,,,,,,,,,,
"Search - HVAC Cleaning",,,,,"Woodland Hills",,,,,,,,,,,,,,,,,,,,,,,
"Search - HVAC Cleaning",,,,,"Calabasas",,,,,,,,,,,,,,,,,,,,,,,
"Search - HVAC Cleaning",,,,,"Valley Village",,,,,,,,,,,,,,,,,,,,,,,
"Search - HVAC Cleaning",,,,,"Van Nuys",,,,,,,,,,,,,,,,,,,,,,,
"Search - HVAC Cleaning",,,,,"Panorama City",,,,,,,,,,,,,,,,,,,,,,,
"Search - HVAC Cleaning",,,,,"Northridge",,,,,,,,,,,,,,,,,,,,,,,
"Search - HVAC Cleaning",,,,,"Sun Valley",,,,,,,,,,,,,,,,,,,,,,,
"Search - HVAC Cleaning",,,,,"Central LA",,,,,,,,,,,,,,,,,,,,,,,
"Search - HVAC Cleaning",,,,,"Pacific Palisades",,,,,,,,,,,,,,,,,,,,,,,
"Search - HVAC Cleaning",,,,,"Brentwood",,,,,,,,,,,,,,,,,,,,,,,
"Search - HVAC Cleaning",,,,,"Los Feliz",,,,,,,,,,,,,,,,,,,,,,,
"Search - HVAC Cleaning",,,,,"Culver City",,,,,,,,,,,,,,,,,,,,,,,
"Search - HVAC Cleaning",,,,,"West Hollywood",,,,,,,,,,,,,,,,,,,,,,,
"Search - HVAC Cleaning",,,,,"Chatsworth",,,,,,,,,,,,,,,,,,,,,,,
"Search - HVAC Cleaning",,,,,"Laurel Canyon",,,,,,,,,,,,,,,,,,,,,,,
"Search - HVAC Cleaning",,,,,"Fairfax",,,,,,,,,,,,,,,,,,,,,,,
"Search - HVAC Cleaning",,,,,"Larchmont",,,,,,,,,,,,,,,,,,,,,,,
"Search - HVAC Cleaning",,,,,"Koreatown",,,,,,,,,,,,,,,,,,,,,,,
"Search - HVAC Cleaning",,,,,"West LA",,,,,,,,,,,,,,,,,,,,,,,
"Search - HVAC Cleaning",,,,,"Westwood",,,,,,,,,,,,,,,,,,,,,,,
"Search - HVAC Cleaning",,,,,"North of Montana",,,,,,,,,,,,,,,,,,,,,,,
"Search - HVAC Cleaning",,,,,"Sawtelle",,,,,,,,,,,,,,,,,,,,,,,
"Search - HVAC Cleaning",,,,,"Beverly Glen",,,,,,,,,,,,,,,,,,,,,,,
"Search - HVAC Cleaning",,,,,"Mid-Wilshire",,,,,,,,,,,,,,,,,,,,,,,
"Search - HVAC Cleaning",,,,,"Sherman Oaks",,,,,,,,,,,,,,,,,,,,,,,
"Search - HVAC Cleaning",,,,,"Encino Village",,,,,,,,,,,,,,,,,,,,,,,
"Search - HVAC Cleaning",,,,,"Lake Balboa",,,,,,,,,,,,,,,,,,,,,,,
"Search - HVAC Cleaning",,,,,"Valley Glen",,,,,,,,,,,,,,,,,,,,,,,
"Search - HVAC Cleaning",,,,,"Magnolia Park",,,,,,,,,,,,,,,,,,,,,,,
"Search - HVAC Cleaning",,,,,"Toluca Lake",,,,,,,,,,,,,,,,,,,,,,,
"Search - HVAC Cleaning",,,,,"Sherwood Forest",,,,,,,,,,,,,,,,,,,,,,,
"Search - HVAC Cleaning",,,,,"Winnetka",,,,,,,,,,,,,,,,,,,,,,,
"Search - HVAC Cleaning",,,,,"Granada Hills",,,,,,,,,,,,,,,,,,,,,,,
"Search - HVAC Cleaning",,,,,"Mission Hills",,,,,,,,,,,,,,,,,,,,,,,
"Search - HVAC Cleaning",,,,,"Porter Ranch",,,,,,,,,,,,,,,,,,,,,,,
"Search - HVAC Cleaning",,,,,"North Hollywood",,,,,,,,,,,,,,,,,,,,,,,
"Search - HVAC Cleaning",,,,,"Sepulveda Basin",,,,,,,,,,,,,,,,,,,,,,,
"Search - HVAC Cleaning",,,,,"Hidden Hills",,,,,,,,,,,,,,,,,,,,,,,
"Search - HVAC Cleaning",,,,,"Deer Lake Highlands",,,,,,,,,,,,,,,,,,,,,,,
"Search - HVAC Cleaning","HVAC System Cleaning",,,,,"HVAC System Cleaning LA","Pure Air California","Complete HVAC Maintenance","Improve Energy Efficiency","Certified HVAC Cleaners","Comprehensive heating and cooling system cleaning in LA.","Restore peak performance and lower your energy bills.","Expert cleaning of coils blowers and ductwork systems.","Schedule your full HVAC system cleaning service today.","HVAC","Cleaning","https://www.pureaircalifornia.com/services/hvac-system-cleaning",,,,,,,,,,,
"Search - HVAC Cleaning","HVAC System Cleaning","[hvac cleaning los angeles]",,,,,,,,,,,,,,,,,,,,,,,,,,
"Search - HVAC Cleaning","HVAC System Cleaning",""""hvac cleaning los angeles"""",,,,,,,,,,,,,,,,,,,,,,,,,,
"Search - HVAC Cleaning","HVAC System Cleaning","[hvac system cleaning]",,,,,,,,,,,,,,,,,,,,,,,,,,
"Search - HVAC Cleaning","HVAC System Cleaning",""""hvac system cleaning"""",,,,,,,,,,,,,,,,,,,,,,,,,,
"Search - HVAC Cleaning",,"-repair",,,,,,,,,,,,,,,,,,,,,,,,,,
"Search - HVAC Cleaning",,"-installation",,,,,,,,,,,,,,,,,,,,,,,,,,
"Search - HVAC Cleaning",,"-parts",,,,,,,,,,,,,,,,,,,,,,,,,,
"Search - HVAC Cleaning",,"-diy",,,,,,,,,,,,,,,,,,,,,,,,,,
"Search - HVAC Cleaning",,,,,,,,,,,,,,,,,,"Air Duct Cleaning","https://www.pureaircalifornia.com/services/residential-air-duct-cleaning",,,,,,,,,
"Search - HVAC Cleaning",,,,,,,,,,,,,,,,,,"Commercial Air Ducts","https://www.pureaircalifornia.com/services/commercial-air-duct-cleaning",,,,,,,,,
"Search - HVAC Cleaning",,,,,,,,,,,,,,,,,,"Dryer Vent Cleaning","https://www.pureaircalifornia.com/services/residential-dryer-vent-cleaning",,,,,,,,,
"Search - HVAC Cleaning",,,,,,,,,,,,,,,,,,"Commercial Dryer Vent","https://www.pureaircalifornia.com/services/commercial-dryer-vent-cleaning",,,,,,,,,
"Search - HVAC Cleaning",,,,,,,,,,,,,,,,,,"HVAC System Cleaning","https://www.pureaircalifornia.com/services/hvac-system-cleaning",,,,,,,,,
"Search - HVAC Cleaning",,,,,,,,,,,,,,,,,,"Electrostatic Filters","https://www.pureaircalifornia.com/services/residential-electrostatic-filter",,,,,,,,,
"Search - HVAC Cleaning",,,,,,,,,,,,,,,,,,"Service Areas","https://www.pureaircalifornia.com/locations",,,,,,,,,
"Search - HVAC Cleaning",,,,,,,,,,,,,,,,,,,,"Free Estimates",,,,,,,,
"Search - HVAC Cleaning",,,,,,,,,,,,,,,,,,,,"NADCA Certified",,,,,,,,
"Search - HVAC Cleaning",,,,,,,,,,,,,,,,,,,,"Fully Insured",,,,,,,,
"Search - HVAC Cleaning",,,,,,,,,,,,,,,,,,,,"5-Star Reviews",,,,,,,,
"Search - HVAC Cleaning",,,,,,,,,,,,,,,,,,,,,"(213) 792-4145","US",,,,,,
"Search - HVAC Cleaning",,,,,,,,,,,,,,,,,,,,,,,"Service catalog","Air Duct Cleaning","Dryer Vent Cleaning","HVAC System Cleaning",,
"Search - HVAC Cleaning",,,,,,,,,,,,,,,,,,,,,,,"Amenities","Free Quotes","Fast Service","Award Winning",,
"Search - HVAC Cleaning",,,,,,,,,,,,,,,,,,,,,,,,,,,"Air Duct Cleaning","15% Off"
